<?xml version="1.0" encoding="UTF-8"?>
<vendeglatas xmlns:xsi="http://www.w3.org/2001/XMLSchema-instance" xsi:noNamespaceSchemaLocation="XMLSchemaBSW6DS.xsd">

    <!--Ettermek-->
    
    <etterem ekod="e1">
        <nev>Trófea</nev>
        <cim>
            <varos>Budapest</varos>
            <utca>Visegradi</utca>
            <hazszam>13</hazszam>
        </cim>
        <csillag>4</csillag>
    </etterem>
    
    <etterem ekod="e2">
        <nev>Gundel</nev>
        <cim>
            <varos>Budapest</varos>
            <utca>Gundel Károly</utca>
            <hazszam>4</hazszam>
        </cim>
        <csillag>5</csillag>
    </etterem>
    
    <!-- Foszakacsok -->
    <foszakacs fkod="f1" e_f="e1">
        <nev>Havas Péter</nev>
        <eletkor>35</eletkor>
        <vegzettseg>Szakközépiskola</vegzettseg>
        <vegzettseg>Paul Bouche Institute</vegzettseg>
    </foszakacs>
    
    <foszakacs fkod="f2" e_f="e2">
        <nev>NAgy Károly</nev>
        <eletkor>30</eletkor>
        <vegzettseg>Le Cordon Bleu</vegzettseg>
    </foszakacs>
    
    <szakacs szkod="sz1" e_sz="e1">
        <nev>Ötlet Elek</nev>
        <reszleg>Saucier</reszleg>
        <vegzettseg>Szakközépiskola</vegzettseg>
        <vegzettseg>Le Cordon Bleu</vegzettseg>
        <vegzettseg>Paul Bouche Institute</vegzettseg>
    </szakacs>
    
    <szakacs szkod="sz2" e_sz="e2">
        <nev>KOcsis Tibor</nev>
        <reszleg>Entremetier</reszleg>
        <vegzettseg>Szakközépiskola</vegzettseg>
        <vegzettseg>Le Cordon Bleu</vegzettseg>
    </szakacs>
    
    <szakacs szkod="sz3" e_sz="e2">
        <nev>Tálas Levente</nev>
        <reszleg>Gardamanger</reszleg>
        <vegzettseg>Szakközépiskola</vegzettseg>
     
    </szakacs>
    
    <szakacs szkod="sz4" e_sz="e1">
        <nev>Szűcs Judit</nev>
        <reszleg>Gardamanger</reszleg>
        <vegzettseg>Paul Bouche Institute</vegzettseg>
        <vegzettseg>Le Cordon Bleu</vegzettseg>
    </szakacs>
    
    <!--Gyakornok -->
    <gyakornok gykod="gy1" e_gy="e1">
        <nev>Bordás Dávid</nev>
        <gyakorlat>
            <kezdete>2021.08.20.</kezdete>
            <idotartama>2021.08.20.</idotartama>
        </gyakorlat>
        <muszak>Délelőtt</muszak>
    </gyakornok>
    
    <gyakornok gykod="gy2" e_gy="e2">
        <nev>Bordás Dávid</nev>
        <gyakorlat>
            <kezdete>2021.06.01.</kezdete>
            <idotartama>4 hónap</idotartama>
        </gyakorlat>
        <muszak>Délután</muszak>
    </gyakornok>
    
    <gyakornok gykod="gy3" e_gy="e1">
        <nev>Szentpétery Ferenc</nev>
        <gyakorlat>
            <kezdete>2021.01.01.</kezdete>
            <idotartama>10 hónap</idotartama>
        </gyakorlat>
        <muszak>Délután</muszak>
    </gyakornok>
    
    <!-- Vendégek -->
    <vendeg vkod="v1">
        <nev>Fekete Péter</nev>
        <eletkor>21</eletkor>
        <cim>
            <varos>MIskolc</varos>
            <utca>Márton</utca>
            <hazszam>17</hazszam>
        </cim>
    </vendeg>
    
    <vendeg vkod="v2">
        <nev>BOrbás </nev>
        <eletkor>21</eletkor>
        <cim>
            <varos>MIskolc</varos>
            <utca>Márton</utca>
            <hazszam>17</hazszam>
        </cim>
    </vendeg>
    
    <vendeg vkod="v3">
        <nev>Fekete Péter</nev>
        <eletkor>21</eletkor>
        <cim>
            <varos>MIskolc</varos>
            <utca>Márton</utca>
            <hazszam>17</hazszam>
        </cim>
    </vendeg>
    
    <!-- Rendelesek -->
    <rendeles e_v_e="e1" e_v_v="v1">
        <osszeg>9000</osszeg>
        <etel>Steak</etel>
    </rendeles>
    
    <rendeles e_v_e="e2" e_v_v="v2">
        <osszeg>8000</osszeg>
        <etel>Kaviár</etel>
    </rendeles>
    
    <rendeles e_v_e="e2" e_v_v="v3">
        <osszeg>20000</osszeg>
        <etel>Kaviár</etel>
    </rendeles>
    
    
</vendeglatas>